<?xml version="1.0" encoding="UTF-8" standalone="yes" ?>
<addon id="plugin.video.35mmonline" version="1.2" name="35mm.online" provider-name="mbebe">
    <requires>
        <import addon="script.module.requests" />
		<import addon="script.module.inputstreamhelper" version="0.3.3"/>
    </requires>
    <extension point="xbmc.python.pluginsource" library="main.py">
        <provides>video</provides>
    </extension>
    <extension point="xbmc.addon.metadata">
        <description>35mm.online</description>
        <disclaimer>https://github.com/mbebe/blomqvist</disclaimer>
        <summary>35mm.online</summary>
        <language>pl</language>
        <platform>all</platform>
        <license>GNU GENERAL PUBLIC LICENSE. Version 2, June 1991</license>
        <website>https://github.com/mbebe/blomqvist</website>
        <assets>
            <icon>icon.png</icon>
            <fanart>fanart.jpg</fanart>
        </assets>
    </extension>
</addon>
